Nombre,Cedula
Fysler Jiménez,25210266
Paola Cadena,31777523
Aaron Romero,28312670
Chantal Carrillo,30437350
Rubén Torres,28311075
Susana González,30346674
Daniel Maldonado,29664107
Angela Salcedo,31508240
Leysamar Rivas,30950980
Samuel Isaccurra,31867328
Miguel Riera,31418043
Dilam Depablos,31761713
José Ruiz,30152542
Adrian Acevedo,21984508
Gerardo Escalante,31193330
Nathalia Diaz,31945857
Valeria García,30751510
Marangelia Bolivar,28014942
Ricardo Obregon,28302190
Abraham Elbitar,29864827
Rachel Mahfoud,31170925
Miller de Freitas,32281822
Victor Cortez,31249794
Franyerber Alcalá,29731662
Maria Umbarre,32346229
María Fernanda Cuervo,27988880